College Code,College Name,Place,District Name,Region,College Type,Minority,Co-Educational,Affiliated to,Branch,Fee Structure,Convener Seats
ADBP,S.G GOVT POLYTECHNIC,ADILABAD,Adilabad,OU,GOV,NA,COED,SBTET,CE,5080,66
ADBP,S.G GOVT POLYTECHNIC,ADILABAD,Adilabad,OU,GOV,NA,COED,SBTET,CS,5080,66
ADBP,S.G GOVT POLYTECHNIC,ADILABAD,Adilabad,OU,GOV,NA,COED,SBTET,EE,5080,66
ADBP,S.G GOVT POLYTECHNIC,ADILABAD,Adilabad,OU,GOV,NA,COED,SBTET,ME,5080,66
AITH,ANNAMACHARYA INST. OF TECHNOLOGY. AND SCI.,HAYATHNAGAR,RANGAREDDY,OU,PVT,NA,COED,SBTET,CE,15780,66
AITH,ANNAMACHARYA INST. OF TECHNOLOGY. AND SCI.,HAYATHNAGAR,RANGAREDDY,OU,PVT,NA,COED,SBTET,CS,15780,132
AITH,ANNAMACHARYA INST. OF TECHNOLOGY. AND SCI.,HAYATHNAGAR,RANGAREDDY,OU,PVT,NA,COED,SBTET,EC,15780,66
AITH,ANNAMACHARYA INST. OF TECHNOLOGY. AND SCI.,HAYATHNAGAR,RANGAREDDY,OU,PVT,NA,COED,SBTET,EE,15780,66
AITH,ANNAMACHARYA INST. OF TECHNOLOGY. AND SCI.,HAYATHNAGAR,RANGAREDDY,OU,PVT,NA,COED,SBTET,ME,15780,66
AIZA,AIZZA COLLEGE OF ENGG AND TECHNOLOGY,MANCHERIAL,MANCHERIAL,OU,PVT,NA,COED,SBTET,EC,15780,15
AIZA,AIZZA COLLEGE OF ENGG AND TECHNOLOGY,MANCHERIAL,MANCHERIAL,OU,PVT,NA,COED,SBTET,EE,15780,15
AIZA,AIZZA COLLEGE OF ENGG AND TECHNOLOGY,MANCHERIAL,MANCHERIAL,OU,PVT,NA,COED,SBTET,MN,15780,30
AKIT,ABDULKALAM INST. OF TECHNOLOGY AND SCI.,KOTHAGUDEM,Bhadradri Kothagudem,OU,PVT,NA,COED,SBTET,CE,15780,33
AKIT,ABDULKALAM INST. OF TECHNOLOGY AND SCI.,KOTHAGUDEM,Bhadradri Kothagudem,OU,PVT,NA,COED,SBTET,CS,15780,132
AKIT,ABDULKALAM INST. OF TECHNOLOGY AND SCI.,KOTHAGUDEM,Bhadradri Kothagudem,OU,PVT,NA,COED,SBTET,EE,15780,66
AKIT,ABDULKALAM INST. OF TECHNOLOGY AND SCI.,KOTHAGUDEM,Bhadradri Kothagudem,OU,PVT,NA,COED,SBTET,ME,15780,33
AKIT,ABDULKALAM INST. OF TECHNOLOGY AND SCI.,KOTHAGUDEM,Bhadradri Kothagudem,OU,PVT,NA,COED,SBTET,MN,15780,66
ANRK,ANURAG ENGINNERING COLLGE,KODAD,SURYAPET,OU,PVT,NA,COED,SBTET,CE,15780,33
ANRK,ANURAG ENGINNERING COLLGE,KODAD,SURYAPET,OU,PVT,NA,COED,SBTET,CS,15780,132
ANRK,ANURAG ENGINNERING COLLGE,KODAD,SURYAPET,OU,PVT,NA,COED,SBTET,EC,15780,66
ANRK,ANURAG ENGINNERING COLLGE,KODAD,SURYAPET,OU,PVT,NA,COED,SBTET,EE,15780,66
ANRK,ANURAG ENGINNERING COLLGE,KODAD,SURYAPET,OU,PVT,NA,COED,SBTET,ME,15780,33
AREB,ARKAY COLLEGE OF ENGG AND TECHNOLOGY,BODHAN,NIZAMBAD,OU,PVT,NA,COED,SBTET,CE,15780,30
AREB,ARKAY COLLEGE OF ENGG AND TECHNOLOGY,BODHAN,NIZAMBAD,OU,PVT,NA,COED,SBTET,EE,15780,30
ARJN,ARJUN COLLEGE OF TECHNOLOGY AND SCIENCE,BATASINGARAM,RANGAREDDY,OU,PVT,NA,COED,SBTET,CE,15780,66
ARJN,ARJUN COLLEGE OF TECHNOLOGY AND SCIENCE,BATASINGARAM,RANGAREDDY,OU,PVT,NA,COED,SBTET,CS,15780,132
ARJN,ARJUN COLLEGE OF TECHNOLOGY AND SCIENCE,BATASINGARAM,RANGAREDDY,OU,PVT,NA,COED,SBTET,EC,15780,66
ARJN,ARJUN COLLEGE OF TECHNOLOGY AND SCIENCE,BATASINGARAM,RANGAREDDY,OU,PVT,NA,COED,SBTET,EE,15780,66
ASRA,AVANTHIS SCIENTIFIC TECH AND RESEARCH ACADEMY,HAYATHNAGAR,RANGAREDDY,OU,PVT,NA,COED,SBTET,CE,15780,66
ASRA,AVANTHIS SCIENTIFIC TECH AND RESEARCH ACADEMY,HAYATHNAGAR,RANGAREDDY,OU,PVT,NA,COED,SBTET,CS,15780,66
ASRA,AVANTHIS SCIENTIFIC TECH AND RESEARCH ACADEMY,HAYATHNAGAR,RANGAREDDY,OU,PVT,NA,COED,SBTET,EC,15780,66
ASRA,AVANTHIS SCIENTIFIC TECH AND RESEARCH ACADEMY,HAYATHNAGAR,RANGAREDDY,OU,PVT,NA,COED,SBTET,EE,15780,66
BITN,BALAJI INSTITUTE OF TECHNOLOGY AND SCI.,NARSAMPET,WARANGAL,OU,PVT,NA,COED,SBTET,EE,15780,66
BLMP,GOVT POLYTECHNIC,BELLAMPALLI,MANCHERIAL,OU,GOV,NA,COED,SBTET,EE,5080,66
BLMP,GOVT POLYTECHNIC,BELLAMPALLI,MANCHERIAL,OU,GOV,NA,COED,SBTET,EI,5080,66
BLMP,GOVT POLYTECHNIC,BELLAMPALLI,MANCHERIAL,OU,GOV,NA,COED,SBTET,MN,5080,66
BOMA,BOMMA INST. OF TECHNOLOGY AND SCI.,KHAMMAM,KHAMMAM,OU,PVT,NA,COED,SBTET,CE,15780,33
BOMA,BOMMA INST. OF TECHNOLOGY AND SCI.,KHAMMAM,KHAMMAM,OU,PVT,NA,COED,SBTET,CS,15780,132
BOMA,BOMMA INST. OF TECHNOLOGY AND SCI.,KHAMMAM,KHAMMAM,OU,PVT,NA,COED,SBTET,EC,15780,66
BOMA,BOMMA INST. OF TECHNOLOGY AND SCI.,KHAMMAM,KHAMMAM,OU,PVT,NA,COED,SBTET,EE,15780,66
BOMA,BOMMA INST. OF TECHNOLOGY AND SCI.,KHAMMAM,KHAMMAM,OU,PVT,NA,COED,SBTET,ME,15780,33
BOSE,ANU BOSE INSTT OF TECHNOLOGY,PALONCHA,Bhadradri Kothagudem,OU,PVT,NA,COED,SBTET,CE,15780,33
BOSE,ANU BOSE INSTT OF TECHNOLOGY,PALONCHA,Bhadradri Kothagudem,OU,PVT,NA,COED,SBTET,CS,15780,132
BOSE,ANU BOSE INSTT OF TECHNOLOGY,PALONCHA,Bhadradri Kothagudem,OU,PVT,NA,COED,SBTET,EE,15780,66
BRAW,B R AMBEDKAR GMR POLYTECHNIC FOR WOMEN,KARIMNAGAR,KARIMNAGAR,SW,GOV,NA,GIRLS,SBTET,CS,5080,66
BRAW,B R AMBEDKAR GMR POLYTECHNIC FOR WOMEN,KARIMNAGAR,KARIMNAGAR,SW,GOV,NA,GIRLS,SBTET,EC,5080,66
BRAW,B R AMBEDKAR GMR POLYTECHNIC FOR WOMEN,KARIMNAGAR,KARIMNAGAR,SW,GOV,NA,GIRLS,SBTET,EI,5080,66
BRIG,BRILLIANT GRAMMER SCHOOL EDNL SOC GRP OF INSTNS,HAYATHNAGAR,RANGAREDDY,OU,PVT,NA,COED,SBTET,CE,15780,33
BRIG,BRILLIANT GRAMMER SCHOOL EDNL SOC GRP OF INSTNS,HAYATHNAGAR,RANGAREDDY,OU,PVT,NA,COED,SBTET,CS,15780,66
BRIG,BRILLIANT GRAMMER SCHOOL EDNL SOC GRP OF INSTNS,HAYATHNAGAR,RANGAREDDY,OU,PVT,NA,COED,SBTET,EC,15780,66
BRIG,BRILLIANT GRAMMER SCHOOL EDNL SOC GRP OF INSTNS,HAYATHNAGAR,RANGAREDDY,OU,PVT,NA,COED,SBTET,EE,15780,66
BRIG,BRILLIANT GRAMMER SCHOOL EDNL SOC GRP OF INSTNS,HAYATHNAGAR,RANGAREDDY,OU,PVT,NA,COED,SBTET,ME,15780,33
BRIL,BRILLIANT INSTT OF ENGG AND TECHNOLOGY,HAYATHNAGAR,RANGAREDDY,OU,PVT,NA,COED,SBTET,CE,15780,33
BRIL,BRILLIANT INSTT OF ENGG AND TECHNOLOGY,HAYATHNAGAR,RANGAREDDY,OU,PVT,NA,COED,SBTET,CS,15780,66
BRIL,BRILLIANT INSTT OF ENGG AND TECHNOLOGY,HAYATHNAGAR,RANGAREDDY,OU,PVT,NA,COED,SBTET,EC,15780,66
BRIL,BRILLIANT INSTT OF ENGG AND TECHNOLOGY,HAYATHNAGAR,RANGAREDDY,OU,PVT,NA,COED,SBTET,EE,15780,66
BRIL,BRILLIANT INSTT OF ENGG AND TECHNOLOGY,HAYATHNAGAR,RANGAREDDY,OU,PVT,NA,COED,SBTET,ME,15780,33
CGNT,GOVERNMENT POLYTECHNIC,CHEGUNTA,MEDAK,OU,GOV,NA,COED,SBTET,EE,5080,66
CGNT,GOVERNMENT POLYTECHNIC,CHEGUNTA,MEDAK,OU,GOV,NA,COED,SBTET,ME,5080,66
CHET,SRI CHAITANYA TECHNICAL CAMPUS,IBRAHIMPATNAM,RANGAREDDY,OU,PVT,NA,COED,SBTET,CE,15780,33
CHET,SRI CHAITANYA TECHNICAL CAMPUS,IBRAHIMPATNAM,RANGAREDDY,OU,PVT,NA,COED,SBTET,CS,15780,33
CHET,SRI CHAITANYA TECHNICAL CAMPUS,IBRAHIMPATNAM,RANGAREDDY,OU,PVT,NA,COED,SBTET,EC,15780,33
CHET,SRI CHAITANYA TECHNICAL CAMPUS,IBRAHIMPATNAM,RANGAREDDY,OU,PVT,NA,COED,SBTET,ME,15780,33
CJIT,CHRISTU JYOTHI INSTITUTE OF TECHNOLOGY AND SCI.,JANGAON,JANGAON,OU,PVT,NA,COED,SBTET,CE,15780,30
CJIT,CHRISTU JYOTHI INSTITUTE OF TECHNOLOGY AND SCI.,JANGAON,JANGAON,OU,PVT,NA,COED,SBTET,EC,15780,30
CJIT,CHRISTU JYOTHI INSTITUTE OF TECHNOLOGY AND SCI.,JANGAON,JANGAON,OU,PVT,NA,COED,SBTET,EE,15780,30
CJIT,CHRISTU JYOTHI INSTITUTE OF TECHNOLOGY AND SCI.,JANGAON,JANGAON,OU,PVT,NA,COED,SBTET,ME,15780,30
CRYL,GOVT POLYTECHNIC,CHERIYAL,SIDDIPET,OU,GOV,NA,COED,SBTET,CE,5080,66
CRYL,GOVT POLYTECHNIC,CHERIYAL,SIDDIPET,OU,GOV,NA,COED,SBTET,EE,5080,66
DARE,DARIPALLY ANANTHA RAMULU COLLEGE OF ENGG. AND TECH,KHAMMAM,KHAMMAM,OU,PVT,NA,COED,SBTET,CE,15780,66
DARE,DARIPALLY ANANTHA RAMULU COLLEGE OF ENGG. AND TECH,KHAMMAM,KHAMMAM,OU,PVT,NA,COED,SBTET,CS,15780,66
DARE,DARIPALLY ANANTHA RAMULU COLLEGE OF ENGG. AND TECH,KHAMMAM,KHAMMAM,OU,PVT,NA,COED,SBTET,EE,15780,66
DARE,DARIPALLY ANANTHA RAMULU COLLEGE OF ENGG. AND TECH,KHAMMAM,KHAMMAM,OU,PVT,NA,COED,SBTET,MN,15780,66
DDHD,S D D TT I FOR WOMEN,HYDERABAD,HYDERABAD,SW,GOV,NA,GIRLS,SBTET,CE,5080,19
DDHD,S D D TT I FOR WOMEN,HYDERABAD,HYDERABAD,SW,GOV,NA,GIRLS,SBTET,CS,5080,20
DDHD,S D D TT I FOR WOMEN,HYDERABAD,HYDERABAD,SW,GOV,NA,GIRLS,SBTET,EC,5080,20
DDHD,S D D TT I FOR WOMEN,HYDERABAD,HYDERABAD,SW,GOV,NA,GIRLS,SBTET,EE,5080,20
ELEN,ELLENKI COLLGE OF ENGG. AND TECHNOLOGY,PATANCHERU,SANGAREDDY,OU,PVT,NA,COED,SBTET,CE,15780,33
ELEN,ELLENKI COLLGE OF ENGG. AND TECHNOLOGY,PATANCHERU,SANGAREDDY,OU,PVT,NA,COED,SBTET,CS,15780,198
ELEN,ELLENKI COLLGE OF ENGG. AND TECHNOLOGY,PATANCHERU,SANGAREDDY,OU,PVT,NA,COED,SBTET,EC,15780,66
ELEN,ELLENKI COLLGE OF ENGG. AND TECHNOLOGY,PATANCHERU,SANGAREDDY,OU,PVT,NA,COED,SBTET,EE,15780,66
ELEN,ELLENKI COLLGE OF ENGG. AND TECHNOLOGY,PATANCHERU,SANGAREDDY,OU,PVT,NA,COED,SBTET,ME,15780,33
GDWL,GOVERNMENT POLYTECHNIC,GADWAL,JOGULAMBA GADWAL,OU,GOV,NA,COED,SBTET,CS,5080,66
GDWL,GOVERNMENT POLYTECHNIC,GADWAL,JOGULAMBA GADWAL,OU,GOV,NA,COED,SBTET,EC,5080,66
GNPR,GOVT.POLYTECHNIC,STATION GHANAPUR,JANGAON,OU,GOV,NA,COED,SBTET,CE,5080,66
GNPR,GOVT.POLYTECHNIC,STATION GHANAPUR,JANGAON,OU,GOV,NA,COED,SBTET,EE,5080,66
GNPT,GANAPATHI ENGINEERING COLLGE,WARANGAL,WARANGAL,OU,PVT,NA,COED,SBTET,EC,15780,66
GNPT,GANAPATHI ENGINEERING COLLGE,WARANGAL,WARANGAL,OU,PVT,NA,COED,SBTET,EE,15780,66
GPWS,GOVT POLYTECHNIC FOR WOMEN,SECUNDERABAD,HYDERABAD,OU,GOV,NA,GIRLS,SBTET,CE,5080,66
GPWS,GOVT POLYTECHNIC FOR WOMEN,SECUNDERABAD,HYDERABAD,OU,GOV,NA,GIRLS,SBTET,CS,5080,66
GPWS,GOVT POLYTECHNIC FOR WOMEN,SECUNDERABAD,HYDERABAD,OU,GOV,NA,GIRLS,SBTET,EC,5080,66
GPWS,GOVT POLYTECHNIC FOR WOMEN,SECUNDERABAD,HYDERABAD,OU,GOV,NA,GIRLS,SBTET,EE,5080,66
GPWS,GOVT POLYTECHNIC FOR WOMEN,SECUNDERABAD,HYDERABAD,OU,GOV,NA,GIRLS,SBTET,HS,5080,66
GTSR,GAYATRI INST OF TECH AND SCI,WANAPARTHY,WANAPARTHY,OU,PVT,NA,COED,SBTET,CE,15780,66
GTSR,GAYATRI INST OF TECH AND SCI,WANAPARTHY,WANAPARTHY,OU,PVT,NA,COED,SBTET,CS,15780,66
GTSR,GAYATRI INST OF TECH AND SCI,WANAPARTHY,WANAPARTHY,OU,PVT,NA,COED,SBTET,EC,15780,66
GTSR,GAYATRI INST OF TECH AND SCI,WANAPARTHY,WANAPARTHY,OU,PVT,NA,COED,SBTET,EE,15780,66
GWMB,GOVT POLY. FOR WOMEN AND MINORITIES,BADANGPET,RANGAREDDY,SW,GOV,YES,GIRLS,SBTET,CS,5080,60
GWMB,GOVT POLY. FOR WOMEN AND MINORITIES,BADANGPET,RANGAREDDY,SW,GOV,YES,GIRLS,SBTET,EC,5080,40
GWMB,GOVT POLY. FOR WOMEN AND MINORITIES,BADANGPET,RANGAREDDY,SW,GOV,YES,GIRLS,SBTET,EE,5080,60
GWNZ,GOVT POLYTECHNIC FOR WOMEN,NIZAMABAD,NIZAMBAD,OU,GOV,NA,GIRLS,SBTET,CE,5080,55
GWNZ,GOVT POLYTECHNIC FOR WOMEN,NIZAMABAD,NIZAMBAD,OU,GOV,NA,GIRLS,SBTET,EC,5080,55
GZWL,GOVT MODEL RESIDENTIAL POLYTECHNIC,GAJWEL,SIDDIPET,OU,GOV,NA,BOYS,SBTET,CCP,5080,66
GZWL,GOVT MODEL RESIDENTIAL POLYTECHNIC,GAJWEL,SIDDIPET,OU,GOV,NA,BOYS,SBTET,EC,5080,66
GZWL,GOVT MODEL RESIDENTIAL POLYTECHNIC,GAJWEL,SIDDIPET,OU,GOV,NA,BOYS,SBTET,ME,5080,66
HOLY,HOLY MARY INSTITUTE OF TECH. SCIENCE,KEESARA,MEDCHAL,OU,PVT,NA,COED,SBTET,CE,15780,66
HOLY,HOLY MARY INSTITUTE OF TECH. SCIENCE,KEESARA,MEDCHAL,OU,PVT,NA,COED,SBTET,EC,15780,66
HOLY,HOLY MARY INSTITUTE OF TECH. SCIENCE,KEESARA,MEDCHAL,OU,PVT,NA,COED,SBTET,EE,15780,66
HOLY,HOLY MARY INSTITUTE OF TECH. SCIENCE,KEESARA,MEDCHAL,OU,PVT,NA,COED,SBTET,ME,15780,66
HSBD,GOVERNMENT POLYTECHNIC,HUSNABAD,SIDDIPET,OU,GOV,NA,COED,SBTET,CE,5080,66
HSBD,GOVERNMENT POLYTECHNIC,HUSNABAD,SIDDIPET,OU,GOV,NA,COED,SBTET,EE,5080,66
IITT,INDUR INSTITUTE OF ENGINEERING AND TECHNOLOGY,SIDDIPET,SIDDIPET,OU,PVT,NA,COED,SBTET,CS,15780,66
IITT,INDUR INSTITUTE OF ENGINEERING AND TECHNOLOGY,SIDDIPET,SIDDIPET,OU,PVT,NA,COED,SBTET,EC,15780,66
IITT,INDUR INSTITUTE OF ENGINEERING AND TECHNOLOGY,SIDDIPET,SIDDIPET,OU,PVT,NA,COED,SBTET,EE,15780,132
IITT,INDUR INSTITUTE OF ENGINEERING AND TECHNOLOGY,SIDDIPET,SIDDIPET,OU,PVT,NA,COED,SBTET,ME,15780,66
IOEPH,GOVT INSTITUTE OF ELECTRONICS,SECUNDERABAD,HYDERABAD,SW,GOV,NA,COED,SBTET,EC,5080,33
IOES,GOVT INSTITUTE OF ELECTRONICS,SECUNDERABAD,HYDERABAD,SW,GOV,NA,COED,SBTET,AI,5080,66
IOES,GOVT INSTITUTE OF ELECTRONICS,SECUNDERABAD,HYDERABAD,SW,GOV,NA,COED,SBTET,BM,5080,66
IOES,GOVT INSTITUTE OF ELECTRONICS,SECUNDERABAD,HYDERABAD,SW,GOV,NA,COED,SBTET,CCB,5080,66
IOES,GOVT INSTITUTE OF ELECTRONICS,SECUNDERABAD,HYDERABAD,SW,GOV,NA,COED,SBTET,CPS,5080,66
IOES,GOVT INSTITUTE OF ELECTRONICS,SECUNDERABAD,HYDERABAD,SW,GOV,NA,COED,SBTET,CS,5080,66
IOES,GOVT INSTITUTE OF ELECTRONICS,SECUNDERABAD,HYDERABAD,SW,GOV,NA,COED,SBTET,EC,5080,66
IOES,GOVT INSTITUTE OF ELECTRONICS,SECUNDERABAD,HYDERABAD,SW,GOV,NA,COED,SBTET,EI,5080,66
IOES,GOVT INSTITUTE OF ELECTRONICS,SECUNDERABAD,HYDERABAD,SW,GOV,NA,COED,SBTET,ES,5080,66
IOES,GOVT INSTITUTE OF ELECTRONICS,SECUNDERABAD,HYDERABAD,SW,GOV,NA,COED,SBTET,EV,5080,66
JGPT,GOVT.POLYTECHNIC,JOGIPET,SANGAREDDY,OU,GOV,NA,COED,SBTET,EC,5080,66
JGPT,GOVT.POLYTECHNIC,JOGIPET,SANGAREDDY,OU,GOV,NA,COED,SBTET,EE,5080,66
JGPT,GOVT.POLYTECHNIC,JOGIPET,SANGAREDDY,OU,GOV,NA,COED,SBTET,ME,5080,66
JGPW,GOVERNMENT POLYTECHNIC FOR WOMEN,JOGIPET,SANGAREDDY,OU,GOV,NA,GIRLS,SBTET,CS,5080,66
JGPW,GOVERNMENT POLYTECHNIC FOR WOMEN,JOGIPET,SANGAREDDY,OU,GOV,NA,GIRLS,SBTET,EC,5080,66
JMTS,JYOTHISHMATHI INSTITUTE OF TECHNOLOGY AND SCI.,KARIMNAGAR,KARIMNAGAR,OU,PVT,NA,COED,SBTET,CS,15780,198
JMTS,JYOTHISHMATHI INSTITUTE OF TECHNOLOGY AND SCI.,KARIMNAGAR,KARIMNAGAR,OU,PVT,NA,COED,SBTET,EC,15780,198
JMTS,JYOTHISHMATHI INSTITUTE OF TECHNOLOGY AND SCI.,KARIMNAGAR,KARIMNAGAR,OU,PVT,NA,COED,SBTET,EE,15780,132
JNGP,J N GOVT POLYTECHNIC,RAMANTHAPUR,MEDCHAL,OU,GOV,NA,COED,SBTET,CE,5080,132
JNGP,J N GOVT POLYTECHNIC,RAMANTHAPUR,MEDCHAL,OU,GOV,NA,COED,SBTET,CH,5080,66
JNGP,J N GOVT POLYTECHNIC,RAMANTHAPUR,MEDCHAL,OU,GOV,NA,COED,SBTET,EC,5080,66
JNGP,J N GOVT POLYTECHNIC,RAMANTHAPUR,MEDCHAL,OU,GOV,NA,COED,SBTET,EE,5080,132
JNGP,J N GOVT POLYTECHNIC,RAMANTHAPUR,MEDCHAL,OU,GOV,NA,COED,SBTET,ME,5080,132
JNGP,J N GOVT POLYTECHNIC,RAMANTHAPUR,MEDCHAL,OU,GOV,NA,COED,SBTET,MT,5080,66
JNGPSW,J N GOVT POLYTECHNIC,RAMANTHAPUR,MEDCHAL,SW,GOV,NA,COED,SBTET,PK,5080,66
JPNE,JAYA PRAKASH NARAYAN COLLEGE OF ENGINEERING,MAHABUBNAGAR,MAHABUBNAGAR,OU,PVT,NA,COED,SBTET,CE,15780,33
JPNE,JAYA PRAKASH NARAYAN COLLEGE OF ENGINEERING,MAHABUBNAGAR,MAHABUBNAGAR,OU,PVT,NA,COED,SBTET,CS,15780,99
JPNE,JAYA PRAKASH NARAYAN COLLEGE OF ENGINEERING,MAHABUBNAGAR,MAHABUBNAGAR,OU,PVT,NA,COED,SBTET,EC,15780,66
JPNE,JAYA PRAKASH NARAYAN COLLEGE OF ENGINEERING,MAHABUBNAGAR,MAHABUBNAGAR,OU,PVT,NA,COED,SBTET,EE,15780,99
JPNE,JAYA PRAKASH NARAYAN COLLEGE OF ENGINEERING,MAHABUBNAGAR,MAHABUBNAGAR,OU,PVT,NA,COED,SBTET,ME,15780,33
KCEA,KSHATRIYA COLLEGE OF ENGINEERING,ARMOOR,NIZAMBAD,OU,PVT,NA,COED,SBTET,CE,15780,132
KCEA,KSHATRIYA COLLEGE OF ENGINEERING,ARMOOR,NIZAMBAD,OU,PVT,NA,COED,SBTET,CS,15780,66
KCEA,KSHATRIYA COLLEGE OF ENGINEERING,ARMOOR,NIZAMBAD,OU,PVT,NA,COED,SBTET,EC,15780,66
KCEA,KSHATRIYA COLLEGE OF ENGINEERING,ARMOOR,NIZAMBAD,OU,PVT,NA,COED,SBTET,EE,15780,66
KCEA,KSHATRIYA COLLEGE OF ENGINEERING,ARMOOR,NIZAMBAD,OU,PVT,NA,COED,SBTET,ME,15780,66
KDDW,KODADA INST OF TECHNOLOGY AND SCIENCE FOR WOMEN,KODADA,SURYAPET,OU,PVT,NA,GIRLS,SBTET,CE,15780,66
KDDW,KODADA INST OF TECHNOLOGY AND SCIENCE FOR WOMEN,KODADA,SURYAPET,OU,PVT,NA,GIRLS,SBTET,CS,15780,33
KDDW,KODADA INST OF TECHNOLOGY AND SCIENCE FOR WOMEN,KODADA,SURYAPET,OU,PVT,NA,GIRLS,SBTET,EC,15780,66
KDDW,KODADA INST OF TECHNOLOGY AND SCIENCE FOR WOMEN,KODADA,SURYAPET,OU,PVT,NA,GIRLS,SBTET,EE,15780,66
KLRT,K.L.R.COLLEGE OF ENGG AND TECHNOLOGY PALONCHA,PALONCHA,Bhadradri Kothagudem,OU,PVT,NA,COED,SBTET,CE,15780,33
KLRT,K.L.R.COLLEGE OF ENGG AND TECHNOLOGY PALONCHA,PALONCHA,Bhadradri Kothagudem,OU,PVT,NA,COED,SBTET,CS,15780,132
KLRT,K.L.R.COLLEGE OF ENGG AND TECHNOLOGY PALONCHA,PALONCHA,Bhadradri Kothagudem,OU,PVT,NA,COED,SBTET,EE,15780,33
KLRT,K.L.R.COLLEGE OF ENGG AND TECHNOLOGY PALONCHA,PALONCHA,Bhadradri Kothagudem,OU,PVT,NA,COED,SBTET,ME,15780,33
KLRT,K.L.R.COLLEGE OF ENGG AND TECHNOLOGY PALONCHA,PALONCHA,Bhadradri Kothagudem,OU,PVT,NA,COED,SBTET,MN,15780,33
KMTS,KHAMMAM INST OF TECHNOLOGY AND SCIENCE,KHAMMAM,KHAMMAM,OU,PVT,NA,COED,SBTET,CE,15780,33
KMTS,KHAMMAM INST OF TECHNOLOGY AND SCIENCE,KHAMMAM,KHAMMAM,OU,PVT,NA,COED,SBTET,CS,15780,132
KMTS,KHAMMAM INST OF TECHNOLOGY AND SCIENCE,KHAMMAM,KHAMMAM,OU,PVT,NA,COED,SBTET,EC,15780,33
KMTS,KHAMMAM INST OF TECHNOLOGY AND SCIENCE,KHAMMAM,KHAMMAM,OU,PVT,NA,COED,SBTET,EE,15780,33
KMTS,KHAMMAM INST OF TECHNOLOGY AND SCIENCE,KHAMMAM,KHAMMAM,OU,PVT,NA,COED,SBTET,ME,15780,33
KNRR,KASIREDDY NARAYANAREDDY COLL ENGG RES.,HAYATHNAGAR,RANGAREDDY,OU,PVT,NA,COED,SBTET,CE,15780,33
KNRR,KASIREDDY NARAYANAREDDY COLL ENGG RES.,HAYATHNAGAR,RANGAREDDY,OU,PVT,NA,COED,SBTET,CS,15780,33
KNRR,KASIREDDY NARAYANAREDDY COLL ENGG RES.,HAYATHNAGAR,RANGAREDDY,OU,PVT,NA,COED,SBTET,EC,15780,49
KNRR,KASIREDDY NARAYANAREDDY COLL ENGG RES.,HAYATHNAGAR,RANGAREDDY,OU,PVT,NA,COED,SBTET,EE,15780,49
KNRR,KASIREDDY NARAYANAREDDY COLL ENGG RES.,HAYATHNAGAR,RANGAREDDY,OU,PVT,NA,COED,SBTET,ME,15780,33
KRTL,GOVT.POLYTECHNIC,KORUTLA,JAGTIAL,OU,GOV,NA,COED,SBTET,CE,5080,66
KRTL,GOVT.POLYTECHNIC,KORUTLA,JAGTIAL,OU,GOV,NA,COED,SBTET,ME,5080,66
KSGI,GOVERNMENT POLYTECHNIC,KOSGI,NARAYANPET,OU,GOV,NA,COED,SBTET,CE,5080,66
KSGI,GOVERNMENT POLYTECHNIC,KOSGI,NARAYANPET,OU,GOV,NA,COED,SBTET,EE,5080,66
KSGI,GOVERNMENT POLYTECHNIC,KOSGI,NARAYANPET,OU,GOV,NA,COED,SBTET,ME,5080,66
KTGM,GOVT POLYTECHNIC,KOTHAGUDEM,Bhadradri Kothagudem,OU,GOV,NA,COED,SBTET,CE,5080,132
KTGM,GOVT POLYTECHNIC,KOTHAGUDEM,Bhadradri Kothagudem,OU,GOV,NA,COED,SBTET,EE,5080,66
KTGM,GOVT POLYTECHNIC,KOTHAGUDEM,Bhadradri Kothagudem,OU,GOV,NA,COED,SBTET,EI,5080,66
KTGM,GOVT POLYTECHNIC,KOTHAGUDEM,Bhadradri Kothagudem,OU,GOV,NA,COED,SBTET,ME,5080,132
KTGM,GOVT POLYTECHNIC,KOTHAGUDEM,Bhadradri Kothagudem,OU,GOV,NA,COED,SBTET,MN,5080,66
KTGM,GOVT POLYTECHNIC,KOTHAGUDEM,Bhadradri Kothagudem,OU,GOV,NA,COED,SBTET,MT,5080,66
KTGR,GOVT.POLYTECHNIC,KOTAGIRI,NIZAMBAD,OU,GOV,NA,COED,SBTET,EE,5080,66
KTGR,GOVT.POLYTECHNIC,KOTAGIRI,NIZAMBAD,OU,GOV,NA,COED,SBTET,ME,5080,66
KTRM,GOVT.POLYTECHNIC,KATARAM,Jayashankar Bhupalpally,OU,GOV,NA,COED,SBTET,EC,5080,66
KTRM,GOVT.POLYTECHNIC,KATARAM,Jayashankar Bhupalpally,OU,GOV,NA,COED,SBTET,ME,5080,66
LTHD,GOVT. INSTT OF LEATHER TECHNOLOGY,HYDERABAD,HYDERABAD,SW,GOV,NA,COED,SBTET,LF,5080,66
LTHD,GOVT. INSTT OF LEATHER TECHNOLOGY,HYDERABAD,HYDERABAD,SW,GOV,NA,COED,SBTET,LG,5080,66
MAHM,GOVERNMENT POLYTECHNIC,MAHESHWARAM,RANGAREDDY,OU,GOV,NA,COED,SBTET,CE,5080,66
MAHM,GOVERNMENT POLYTECHNIC,MAHESHWARAM,RANGAREDDY,OU,GOV,NA,COED,SBTET,EE,5080,66
MAHM,GOVERNMENT POLYTECHNIC,MAHESHWARAM,RANGAREDDY,OU,GOV,NA,COED,SBTET,ME,5080,66
MASB,GOVT POLYTECHNIC,MASAB TANK,HYDERABAD,OU,GOV,NA,COED,SBTET,AU,5080,66
MASB,GOVT POLYTECHNIC,MASAB TANK,HYDERABAD,OU,GOV,NA,COED,SBTET,CE,5080,132
MASB,GOVT POLYTECHNIC,MASAB TANK,HYDERABAD,OU,GOV,NA,COED,SBTET,CS,5080,132
MASB,GOVT POLYTECHNIC,MASAB TANK,HYDERABAD,OU,GOV,NA,COED,SBTET,EC,5080,132
MASB,GOVT POLYTECHNIC,MASAB TANK,HYDERABAD,OU,GOV,NA,COED,SBTET,EE,5080,66
MASB,GOVT POLYTECHNIC,MASAB TANK,HYDERABAD,OU,GOV,NA,COED,SBTET,ME,5080,66
MBNR,GOVT POLYTECHNIC,MAHABUB NAGAR,MAHABUBNAGAR,OU,GOV,NA,COED,SBTET,AU,5080,66
MBNR,GOVT POLYTECHNIC,MAHABUB NAGAR,MAHABUBNAGAR,OU,GOV,NA,COED,SBTET,CE,5080,132
MBNR,GOVT POLYTECHNIC,MAHABUB NAGAR,MAHABUBNAGAR,OU,GOV,NA,COED,SBTET,EC,5080,66
MBNR,GOVT POLYTECHNIC,MAHABUB NAGAR,MAHABUBNAGAR,OU,GOV,NA,COED,SBTET,EE,5080,132
MBNR,GOVT POLYTECHNIC,MAHABUB NAGAR,MAHABUBNAGAR,OU,GOV,NA,COED,SBTET,ME,5080,198
MDCL,GOVERNMENT POLYTECHNIC,MEDCHAL,MEDCHAL,OU,GOV,NA,COED,SBTET,EC,5080,66
MDCL,GOVERNMENT POLYTECHNIC,MEDCHAL,MEDCHAL,OU,GOV,NA,COED,SBTET,EE,5080,66
MDCL,GOVERNMENT POLYTECHNIC,MEDCHAL,MEDCHAL,OU,GOV,NA,COED,SBTET,ME,5080,66
MDKW,GOVT POLYTECHNIC FOR WOMEN,MEDAK,MEDAK,OU,GOV,NA,GIRLS,SBTET,CE,5080,44
MDKW,GOVT POLYTECHNIC FOR WOMEN,MEDAK,MEDAK,OU,GOV,NA,GIRLS,SBTET,CS,5080,44
MDKW,GOVT POLYTECHNIC FOR WOMEN,MEDAK,MEDAK,OU,GOV,NA,GIRLS,SBTET,EC,5080,44
MDRA,GOVT.POLYTECHNIC,MADHIRA,KHAMMAM,OU,GOV,NA,COED,SBTET,CE,5080,66
MDRA,GOVT.POLYTECHNIC,MADHIRA,KHAMMAM,OU,GOV,NA,COED,SBTET,ME,5080,66
MDRK,MADHIRA INSTITUTE OF TECHNOLOGY AND SCI.,KODAD,SURYAPET,OU,PVT,NA,COED,SBTET,CE,15780,66
MDRK,MADHIRA INSTITUTE OF TECHNOLOGY AND SCI.,KODAD,SURYAPET,OU,PVT,NA,COED,SBTET,CS,15780,66
MDRK,MADHIRA INSTITUTE OF TECHNOLOGY AND SCI.,KODAD,SURYAPET,OU,PVT,NA,COED,SBTET,EC,15780,66
MDRK,MADHIRA INSTITUTE OF TECHNOLOGY AND SCI.,KODAD,SURYAPET,OU,PVT,NA,COED,SBTET,EE,15780,66
MDRK,MADHIRA INSTITUTE OF TECHNOLOGY AND SCI.,KODAD,SURYAPET,OU,PVT,NA,COED,SBTET,ME,15780,66
MGHA,MEGHA INST OF ENGG AND TECHNOLOGY FOR WOMEN,GHATKESAR,MEDCHAL,OU,PVT,NA,GIRLS,SBTET,CE,15780,66
MGHA,MEGHA INST OF ENGG AND TECHNOLOGY FOR WOMEN,GHATKESAR,MEDCHAL,OU,PVT,NA,GIRLS,SBTET,CS,15780,198
MGHA,MEGHA INST OF ENGG AND TECHNOLOGY FOR WOMEN,GHATKESAR,MEDCHAL,OU,PVT,NA,GIRLS,SBTET,EC,15780,132
MHVR,MAHAVEER INSTITUTE OF SCI. AND TECHNOLOGY,BANDLAGUDA,HYDERABAD,OU,PVT,NA,COED,SBTET,CE,15780,66
MHVR,MAHAVEER INSTITUTE OF SCI. AND TECHNOLOGY,BANDLAGUDA,HYDERABAD,OU,PVT,NA,COED,SBTET,CS,15780,66
MHVR,MAHAVEER INSTITUTE OF SCI. AND TECHNOLOGY,BANDLAGUDA,HYDERABAD,OU,PVT,NA,COED,SBTET,EC,15780,132
MHVR,MAHAVEER INSTITUTE OF SCI. AND TECHNOLOGY,BANDLAGUDA,HYDERABAD,OU,PVT,NA,COED,SBTET,EE,15780,132
MHVR,MAHAVEER INSTITUTE OF SCI. AND TECHNOLOGY,BANDLAGUDA,HYDERABAD,OU,PVT,NA,COED,SBTET,ME,15780,132
MINA,MINA INST OF ENGG AND TECHNOLOGY FOR WOMEN,MIRYALAGUDA,NALGONDA,OU,PVT,NA,GIRLS,SBTET,EC,15780,66
MINA,MINA INST OF ENGG AND TECHNOLOGY FOR WOMEN,MIRYALAGUDA,NALGONDA,OU,PVT,NA,GIRLS,SBTET,EE,15780,66
MNGR,GOVT MODEL RESIDENTIAL POLYTECHNIC,MANUGURU ASWAPURAM,Bhadradri Kothagudem,OU,GOV,NA,BOYS,SBTET,EE,5080,66
MNGR,GOVT MODEL RESIDENTIAL POLYTECHNIC,MANUGURU ASWAPURAM,Bhadradri Kothagudem,OU,GOV,NA,BOYS,SBTET,ME,5080,66
MNGR,GOVT MODEL RESIDENTIAL POLYTECHNIC,MANUGURU ASWAPURAM,Bhadradri Kothagudem,OU,GOV,NA,BOYS,SBTET,MN,5080,66
MOTK,MOTHER TERESA INSTITUTE OF SCI. AND TECHNOLOGY,SATHUPALLY,KHAMMAM,OU,PVT,NA,COED,SBTET,CCB,15780,66
MOTK,MOTHER TERESA INSTITUTE OF SCI. AND TECHNOLOGY,SATHUPALLY,KHAMMAM,OU,PVT,NA,COED,SBTET,CE,15780,66
MOTK,MOTHER TERESA INSTITUTE OF SCI. AND TECHNOLOGY,SATHUPALLY,KHAMMAM,OU,PVT,NA,COED,SBTET,CS,15780,132
MOTK,MOTHER TERESA INSTITUTE OF SCI. AND TECHNOLOGY,SATHUPALLY,KHAMMAM,OU,PVT,NA,COED,SBTET,EC,15780,66
MOTK,MOTHER TERESA INSTITUTE OF SCI. AND TECHNOLOGY,SATHUPALLY,KHAMMAM,OU,PVT,NA,COED,SBTET,EE,15780,66
MTEC,MOTHER THERESA COLLEGE OF ENGG. AND TECHNOLOGY,PEDDAPALLY,PEDDAPALLI,OU,PVT,NA,COED,SBTET,CS,15780,198
MTEC,MOTHER THERESA COLLEGE OF ENGG. AND TECHNOLOGY,PEDDAPALLY,PEDDAPALLI,OU,PVT,NA,COED,SBTET,EC,15780,66
MTEC,MOTHER THERESA COLLEGE OF ENGG. AND TECHNOLOGY,PEDDAPALLY,PEDDAPALLI,OU,PVT,NA,COED,SBTET,EE,15780,66
NALG,GOVT POLYTECHNIC,NALGONDA,NALGONDA,OU,GOV,NA,COED,SBTET,CE,5080,132
NALG,GOVT POLYTECHNIC,NALGONDA,NALGONDA,OU,GOV,NA,COED,SBTET,CS,5080,66
NALG,GOVT POLYTECHNIC,NALGONDA,NALGONDA,OU,GOV,NA,COED,SBTET,EE,5080,132
NALG,GOVT POLYTECHNIC,NALGONDA,NALGONDA,OU,GOV,NA,COED,SBTET,ME,5080,132
NAWB,NAWAB SHAH ALAM KHAN COLL OF ENGG AND TECH,NEW MALAKPET,HYDERABAD,OU,PVT,NA,COED,SBTET,CE,15780,30
NAWB,NAWAB SHAH ALAM KHAN COLL OF ENGG AND TECH,NEW MALAKPET,HYDERABAD,OU,PVT,NA,COED,SBTET,CS,15780,30
NAWB,NAWAB SHAH ALAM KHAN COLL OF ENGG AND TECH,NEW MALAKPET,HYDERABAD,OU,PVT,NA,COED,SBTET,EC,15780,15
NAWB,NAWAB SHAH ALAM KHAN COLL OF ENGG AND TECH,NEW MALAKPET,HYDERABAD,OU,PVT,NA,COED,SBTET,EE,15780,15
NAWB,NAWAB SHAH ALAM KHAN COLL OF ENGG AND TECH,NEW MALAKPET,HYDERABAD,OU,PVT,NA,COED,SBTET,ME,15780,30
NAWBSF,NAWAB SHAH ALAM KHAN COLL OF ENGG AND TECH - SELF FINANCE,NEW MALAKPET,HYDERABAD,OU,PVT,NA,COED,SBTET,AI,15780,30
NDPT,GOVT.POLYTECHNIC,NANDIPET,NIZAMBAD,OU,GOV,NA,COED,SBTET,EC,5080,66
NDPT,GOVT.POLYTECHNIC,NANDIPET,NIZAMBAD,OU,GOV,NA,COED,SBTET,ME,5080,66
NGMA,NIGAMA ENGINEERING COLLEGE,MOQUDUMPOOR,KARIMNAGAR,OU,PVT,NA,COED,SBTET,EC,15780,66
NGMA,NIGAMA ENGINEERING COLLEGE,MOQUDUMPOOR,KARIMNAGAR,OU,PVT,NA,COED,SBTET,EE,15780,66
NKHD,GOVERNMENT POLYTECHNIC,NARAYANKHED,SANGAREDDY,OU,GOV,NA,COED,SBTET,EC,5080,66
NKHD,GOVERNMENT POLYTECHNIC,NARAYANKHED,SANGAREDDY,OU,GOV,NA,COED,SBTET,EE,5080,66
NRML,GOVT.POLYTECHNIC,NIRMAL,NIRMAL,OU,GOV,NA,COED,SBTET,EE,5080,66
NRML,GOVT.POLYTECHNIC,NIRMAL,NIRMAL,OU,GOV,NA,COED,SBTET,ME,5080,66
NSGR,GOVT POLYTECHNIC,NAGARJUNASAGAR,NALGONDA,OU,GOV,NA,COED,SBTET,CE,5080,66
NSGR,GOVT POLYTECHNIC,NAGARJUNASAGAR,NALGONDA,OU,GOV,NA,COED,SBTET,EE,5080,66
NSPR,GOVT.POLYTECHNIC,GOMARAM Near NARSAPUR,MEDAK,OU,GOV,NA,COED,SBTET,CE,5080,66
NSPR,GOVT.POLYTECHNIC,GOMARAM Near NARSAPUR,MEDAK,OU,GOV,NA,COED,SBTET,ME,5080,66
NVPT,GOVERNMENT POLYTECHNIC,NAVIPET,NIZAMBAD,OU,GOV,NA,COED,SBTET,CE,5080,66
NVPT,GOVERNMENT POLYTECHNIC,NAVIPET,NIZAMBAD,OU,GOV,NA,COED,SBTET,ME,5080,66
NZBD,GOVT POLYTECHNIC,NIZAMABAD,NIZAMBAD,OU,GOV,NA,COED,SBTET,CE,5080,66
NZBD,GOVT POLYTECHNIC,NIZAMABAD,NIZAMBAD,OU,GOV,NA,COED,SBTET,CS,5080,66
NZBD,GOVT POLYTECHNIC,NIZAMABAD,NIZAMBAD,OU,GOV,NA,COED,SBTET,EC,5080,132
NZBD,GOVT POLYTECHNIC,NIZAMABAD,NIZAMBAD,OU,GOV,NA,COED,SBTET,EE,5080,132
NZBD,GOVT POLYTECHNIC,NIZAMABAD,NIZAMBAD,OU,GOV,NA,COED,SBTET,ES,5080,66
NZBD,GOVT POLYTECHNIC,NIZAMABAD,NIZAMBAD,OU,GOV,NA,COED,SBTET,ME,5080,132
PBRW,GOVERNMENT POLYTECHNIC FOR WOMEN,PEBBAIR,WANAPARTHY,OU,GOV,NA,GIRLS,SBTET,EC,5080,66
PBRW,GOVERNMENT POLYTECHNIC FOR WOMEN,PEBBAIR,WANAPARTHY,OU,GOV,NA,GIRLS,SBTET,EE,5080,66
PETW,PRINCETON INST OF ENGG TECH FOR WOMEN,GHATKESAR,MEDCHAL,OU,PVT,NA,GIRLS,SBTET,AI,15780,33
PETW,PRINCETON INST OF ENGG TECH FOR WOMEN,GHATKESAR,MEDCHAL,OU,PVT,NA,GIRLS,SBTET,CE,15780,33
PETW,PRINCETON INST OF ENGG TECH FOR WOMEN,GHATKESAR,MEDCHAL,OU,PVT,NA,GIRLS,SBTET,CS,15780,66
PETW,PRINCETON INST OF ENGG TECH FOR WOMEN,GHATKESAR,MEDCHAL,OU,PVT,NA,GIRLS,SBTET,EC,15780,132
PRKL,GOVERNMENT POLYTECHNIC,PARKAL,HANAMKONDA,OU,GOV,NA,COED,SBTET,EC,5080,66
PRKL,GOVERNMENT POLYTECHNIC,PARKAL,HANAMKONDA,OU,GOV,NA,COED,SBTET,ME,5080,66
QQHD,QQ GOVT POLYTECHNIC,CHENDULALBARADARI,HYDERABAD,OU,GOV,NA,COED,SBTET,CE,5080,132
QQHD,QQ GOVT POLYTECHNIC,CHENDULALBARADARI,HYDERABAD,OU,GOV,NA,COED,SBTET,CS,5080,66
QQHD,QQ GOVT POLYTECHNIC,CHENDULALBARADARI,HYDERABAD,OU,GOV,NA,COED,SBTET,EC,5080,132
QQHD,QQ GOVT POLYTECHNIC,CHENDULALBARADARI,HYDERABAD,OU,GOV,NA,COED,SBTET,EE,5080,66
QQHD,QQ GOVT POLYTECHNIC,CHENDULALBARADARI,HYDERABAD,OU,GOV,NA,COED,SBTET,ME,5080,132
QQHD,QQ GOVT POLYTECHNIC,CHENDULALBARADARI,HYDERABAD,OU,GOV,NA,COED,SBTET,PT,5080,66
RITM,RATNAPURI INSTITUTE OF TECH. COLL. OF POLYTECHNIC,TURAKALA KHANAPUR,SANGAREDDY,OU,PVT,NA,COED,SBTET,CS,15780,66
RITM,RATNAPURI INSTITUTE OF TECH. COLL. OF POLYTECHNIC,TURAKALA KHANAPUR,SANGAREDDY,OU,PVT,NA,COED,SBTET,EC,15780,66
RITM,RATNAPURI INSTITUTE OF TECH. COLL. OF POLYTECHNIC,TURAKALA KHANAPUR,SANGAREDDY,OU,PVT,NA,COED,SBTET,EE,15780,66
RITM,RATNAPURI INSTITUTE OF TECH. COLL. OF POLYTECHNIC,TURAKALA KHANAPUR,SANGAREDDY,OU,PVT,NA,COED,SBTET,ME,15780,66
SAIS,SAI SPURTI INSTITUTE OF TECHNOLOGY,SATHUPALLY,KHAMMAM,OU,PVT,NA,COED,SBTET,CS,15780,66
SAIS,SAI SPURTI INSTITUTE OF TECHNOLOGY,SATHUPALLY,KHAMMAM,OU,PVT,NA,COED,SBTET,EC,15780,33
SAIS,SAI SPURTI INSTITUTE OF TECHNOLOGY,SATHUPALLY,KHAMMAM,OU,PVT,NA,COED,SBTET,EE,15780,33
SBIT,SWARNA BHARATHI INSTITUTE OF SCI. AND TECHNOLOGY,KHAMMAM,KHAMMAM,OU,PVT,NA,COED,SBTET,CE,15780,33
SBIT,SWARNA BHARATHI INSTITUTE OF SCI. AND TECHNOLOGY,KHAMMAM,KHAMMAM,OU,PVT,NA,COED,SBTET,CS,15780,66
SBIT,SWARNA BHARATHI INSTITUTE OF SCI. AND TECHNOLOGY,KHAMMAM,KHAMMAM,OU,PVT,NA,COED,SBTET,EC,15780,33
SBIT,SWARNA BHARATHI INSTITUTE OF SCI. AND TECHNOLOGY,KHAMMAM,KHAMMAM,OU,PVT,NA,COED,SBTET,EE,15780,33
SBIT,SWARNA BHARATHI INSTITUTE OF SCI. AND TECHNOLOGY,KHAMMAM,KHAMMAM,OU,PVT,NA,COED,SBTET,ME,15780,33
SCCL,SINGARENI COLLIERIES POLYTECHNIC COLLEGE,NASPUR,MANCHERIAL,OU,PVT,NA,COED,SBTET,CE,15780,66
SCCL,SINGARENI COLLIERIES POLYTECHNIC COLLEGE,NASPUR,MANCHERIAL,OU,PVT,NA,COED,SBTET,CS,15780,66
SCCL,SINGARENI COLLIERIES POLYTECHNIC COLLEGE,NASPUR,MANCHERIAL,OU,PVT,NA,COED,SBTET,EE,15780,66
SCCL,SINGARENI COLLIERIES POLYTECHNIC COLLEGE,NASPUR,MANCHERIAL,OU,PVT,NA,COED,SBTET,ME,15780,66
SCCL,SINGARENI COLLIERIES POLYTECHNIC COLLEGE,NASPUR,MANCHERIAL,OU,PVT,NA,COED,SBTET,MN,15780,66
SDES,SREE DATTHA INSTITUTE OF ENGINEERING AND SCIENCE,IBRAHIMPATAN,RANGAREDDY,OU,PVT,NA,COED,SBTET,CE,15780,66
SDES,SREE DATTHA INSTITUTE OF ENGINEERING AND SCIENCE,IBRAHIMPATAN,RANGAREDDY,OU,PVT,NA,COED,SBTET,CS,15780,132
SDES,SREE DATTHA INSTITUTE OF ENGINEERING AND SCIENCE,IBRAHIMPATAN,RANGAREDDY,OU,PVT,NA,COED,SBTET,EC,15780,132
SDES,SREE DATTHA INSTITUTE OF ENGINEERING AND SCIENCE,IBRAHIMPATAN,RANGAREDDY,OU,PVT,NA,COED,SBTET,EE,15780,66
SDES,SREE DATTHA INSTITUTE OF ENGINEERING AND SCIENCE,IBRAHIMPATAN,RANGAREDDY,OU,PVT,NA,COED,SBTET,ME,15780,66
SDPT,GOVT.POLYTECHNIC,SIDDIPET,SIDDIPET,OU,GOV,NA,COED,SBTET,CS,5080,66
SDPT,GOVT.POLYTECHNIC,SIDDIPET,SIDDIPET,OU,GOV,NA,COED,SBTET,EC,5080,66
SDPW,GOVERNMENT POLYTECHNIC FOR WOMEN,SIDDIPET,SIDDIPET,OU,GOV,NA,GIRLS,SBTET,CE,5080,66
SDPW,GOVERNMENT POLYTECHNIC FOR WOMEN,SIDDIPET,SIDDIPET,OU,GOV,NA,GIRLS,SBTET,CS,5080,66
SDPW,GOVERNMENT POLYTECHNIC FOR WOMEN,SIDDIPET,SIDDIPET,OU,GOV,NA,GIRLS,SBTET,EE,5080,66
SGMA,S G M GOVT POLYTECHNIC,ABDULLAPURMET,RANGAREDDY,OU,GOV,NA,COED,SBTET,AA,5080,44
SGMA,S G M GOVT POLYTECHNIC,ABDULLAPURMET,RANGAREDDY,OU,GOV,NA,COED,SBTET,AU,5080,66
SGMA,S G M GOVT POLYTECHNIC,ABDULLAPURMET,RANGAREDDY,OU,GOV,NA,COED,SBTET,CCP,5080,66
SGMA,S G M GOVT POLYTECHNIC,ABDULLAPURMET,RANGAREDDY,OU,GOV,NA,COED,SBTET,CS,5080,66
SGRD,GOVERNMENT POLYTECHNIC,SANGA REDDY,SANGAREDDY,OU,GOV,NA,COED,SBTET,EC,5080,66
SGRD,GOVERNMENT POLYTECHNIC,SANGA REDDY,SANGAREDDY,OU,GOV,NA,COED,SBTET,EE,5080,66
SISG,SIDDHARTHA INSTT OF TECHNOLOGY AND SCIENCES,GHATKESAR,MEDCHAL,OU,PVT,NA,COED,SBTET,AI,15780,66
SISG,SIDDHARTHA INSTT OF TECHNOLOGY AND SCIENCES,GHATKESAR,MEDCHAL,OU,PVT,NA,COED,SBTET,CE,15780,66
SISG,SIDDHARTHA INSTT OF TECHNOLOGY AND SCIENCES,GHATKESAR,MEDCHAL,OU,PVT,NA,COED,SBTET,CS,15780,66
SISG,SIDDHARTHA INSTT OF TECHNOLOGY AND SCIENCES,GHATKESAR,MEDCHAL,OU,PVT,NA,COED,SBTET,EC,15780,66
SISG,SIDDHARTHA INSTT OF TECHNOLOGY AND SCIENCES,GHATKESAR,MEDCHAL,OU,PVT,NA,COED,SBTET,EE,15780,66
SISG,SIDDHARTHA INSTT OF TECHNOLOGY AND SCIENCES,GHATKESAR,MEDCHAL,OU,PVT,NA,COED,SBTET,ME,15780,66
SMCD,ST MARYS ENGINEERING COLLEGE,DESHMUKHI,YADADRI BHUVANAGIRI,OU,PVT,NA,COED,SBTET,CS,15780,90
SMCD,ST MARYS ENGINEERING COLLEGE,DESHMUKHI,YADADRI BHUVANAGIRI,OU,PVT,NA,COED,SBTET,ES,15780,60
SMED,ST.MARYS GROUP OF INSTITUTIONS,DESHMUKHI,YADADRI BHUVANAGIRI,OU,PVT,NA,COED,SBTET,CS,15780,150
SMSK,SAMSKRUTHI COLLEGE OF ENGG. AND TECHNOLOGY.,GHATKESAR,MEDCHAL,OU,PVT,NA,COED,SBTET,AI,15780,132
SMSK,SAMSKRUTHI COLLEGE OF ENGG. AND TECHNOLOGY.,GHATKESAR,MEDCHAL,OU,PVT,NA,COED,SBTET,CE,15780,33
SMSK,SAMSKRUTHI COLLEGE OF ENGG. AND TECHNOLOGY.,GHATKESAR,MEDCHAL,OU,PVT,NA,COED,SBTET,CS,15780,198
SMSK,SAMSKRUTHI COLLEGE OF ENGG. AND TECHNOLOGY.,GHATKESAR,MEDCHAL,OU,PVT,NA,COED,SBTET,EC,15780,99
SMSK,SAMSKRUTHI COLLEGE OF ENGG. AND TECHNOLOGY.,GHATKESAR,MEDCHAL,OU,PVT,NA,COED,SBTET,EE,15780,33
SMSK,SAMSKRUTHI COLLEGE OF ENGG. AND TECHNOLOGY.,GHATKESAR,MEDCHAL,OU,PVT,NA,COED,SBTET,ME,15780,33
SRPW,GOVT POLYTECHNIC FOR WOMEN,SURYAPET,SURYAPET,OU,GOV,NA,GIRLS,SBTET,CE,5080,66
SRPW,GOVT POLYTECHNIC FOR WOMEN,SURYAPET,SURYAPET,OU,GOV,NA,GIRLS,SBTET,CS,5080,66
SRPW,GOVT POLYTECHNIC FOR WOMEN,SURYAPET,SURYAPET,OU,GOV,NA,GIRLS,SBTET,EC,5080,66
SRRS,SRRS GOVT POLYTECHNIC,SIRCILLA,RAJANNA SIRCILLA,OU,GOV,NA,COED,SBTET,CCP,5080,66
SRRS,SRRS GOVT POLYTECHNIC,SIRCILLA,RAJANNA SIRCILLA,OU,GOV,NA,COED,SBTET,CE,5080,132
SRRS,SRRS GOVT POLYTECHNIC,SIRCILLA,RAJANNA SIRCILLA,OU,GOV,NA,COED,SBTET,EE,5080,132
SRRS,SRRS GOVT POLYTECHNIC,SIRCILLA,RAJANNA SIRCILLA,OU,GOV,NA,COED,SBTET,ME,5080,66
SRRSSW,SRRS GOVT POLYTECHNIC,SIRCILLA,RAJANNA SIRCILLA,SW,GOV,NA,COED,SBTET,TT,5080,66
SVES,SRI VENKATESWARA ENGINEERING COLLEGE,SURYAPETA,SURYAPET,OU,PVT,NA,COED,SBTET,CE,15780,66
SVES,SRI VENKATESWARA ENGINEERING COLLEGE,SURYAPETA,SURYAPET,OU,PVT,NA,COED,SBTET,EE,15780,66
SVSE,SVS GRP OF INSTNS - SVS INST OF TECH.,HANAMKONDA,HANAMKONDA,OU,PVT,NA,COED,SBTET,CE,15780,33
SVSE,SVS GRP OF INSTNS - SVS INST OF TECH.,HANAMKONDA,HANAMKONDA,OU,PVT,NA,COED,SBTET,CS,15780,132
SVSE,SVS GRP OF INSTNS - SVS INST OF TECH.,HANAMKONDA,HANAMKONDA,OU,PVT,NA,COED,SBTET,EC,15780,132
SVSE,SVS GRP OF INSTNS - SVS INST OF TECH.,HANAMKONDA,HANAMKONDA,OU,PVT,NA,COED,SBTET,EE,15780,66
SVSE,SVS GRP OF INSTNS - SVS INST OF TECH.,HANAMKONDA,HANAMKONDA,OU,PVT,NA,COED,SBTET,ME,15780,33
SVSP,S.V.S.POLYTECHNIC,HANAMKONDA,HANAMKONDA,OU,PVT,NA,COED,SBTET,CE,15780,33
SVSP,S.V.S.POLYTECHNIC,HANAMKONDA,HANAMKONDA,OU,PVT,NA,COED,SBTET,CS,15780,132
SVSP,S.V.S.POLYTECHNIC,HANAMKONDA,HANAMKONDA,OU,PVT,NA,COED,SBTET,EC,15780,66
SVSP,S.V.S.POLYTECHNIC,HANAMKONDA,HANAMKONDA,OU,PVT,NA,COED,SBTET,EE,15780,66
SVSP,S.V.S.POLYTECHNIC,HANAMKONDA,HANAMKONDA,OU,PVT,NA,COED,SBTET,ME,15780,33
TCEK,TRINITY COLLEGE OF ENGINEERING AND TECHNOLOGY,PEDDAPALLY,PEDDAPALLI,OU,PVT,NA,COED,SBTET,CS,15780,66
TCEK,TRINITY COLLEGE OF ENGINEERING AND TECHNOLOGY,PEDDAPALLY,PEDDAPALLI,OU,PVT,NA,COED,SBTET,EC,15780,66
TCEK,TRINITY COLLEGE OF ENGINEERING AND TECHNOLOGY,PEDDAPALLY,PEDDAPALLI,OU,PVT,NA,COED,SBTET,EE,15780,66
TCTK,TRINITY COLLEGE OF ENGINEERING AND TECHNOLOGY,KARIMNAGAR,KARIMNAGAR,OU,PVT,NA,COED,SBTET,EC,15780,66
TCTK,TRINITY COLLEGE OF ENGINEERING AND TECHNOLOGY,KARIMNAGAR,KARIMNAGAR,OU,PVT,NA,COED,SBTET,EE,15780,66
TKEM,TEEGALA KRISHNA REDDY ENGINEERING COLLEGE,MIRPET,RANGAREDDY,OU,PVT,NA,COED,SBTET,CE,15780,66
TKEM,TEEGALA KRISHNA REDDY ENGINEERING COLLEGE,MIRPET,RANGAREDDY,OU,PVT,NA,COED,SBTET,CS,15780,198
TKEM,TEEGALA KRISHNA REDDY ENGINEERING COLLEGE,MIRPET,RANGAREDDY,OU,PVT,NA,COED,SBTET,EC,15780,198
TKEM,TEEGALA KRISHNA REDDY ENGINEERING COLLEGE,MIRPET,RANGAREDDY,OU,PVT,NA,COED,SBTET,EE,15780,132
TKRC,T K R COLLEGE OF ENGG. AND TECHNOLOGY,MIRPET,RANGAREDDY,OU,PVT,NA,COED,SBTET,CE,15780,66
TKRC,T K R COLLEGE OF ENGG. AND TECHNOLOGY,MIRPET,RANGAREDDY,OU,PVT,NA,COED,SBTET,CS,15780,198
TKRC,T K R COLLEGE OF ENGG. AND TECHNOLOGY,MIRPET,RANGAREDDY,OU,PVT,NA,COED,SBTET,EC,15780,132
TKRC,T K R COLLEGE OF ENGG. AND TECHNOLOGY,MIRPET,RANGAREDDY,OU,PVT,NA,COED,SBTET,EE,15780,66
TKRC,T K R COLLEGE OF ENGG. AND TECHNOLOGY,MIRPET,RANGAREDDY,OU,PVT,NA,COED,SBTET,ME,15780,66
TRMG,GOVT.POLYTECHNIC,TIRUMALAGIRI,SURYAPET,OU,GOV,NA,COED,SBTET,CE,5080,66
TRMG,GOVT.POLYTECHNIC,TIRUMALAGIRI,SURYAPET,OU,GOV,NA,COED,SBTET,ME,5080,66
TRRM,TRR POLYTECHNIC,MEERPET,RANGAREDDY,OU,PVT,NA,COED,SBTET,CE,15780,66
TRRM,TRR POLYTECHNIC,MEERPET,RANGAREDDY,OU,PVT,NA,COED,SBTET,CS,15780,198
TRRM,TRR POLYTECHNIC,MEERPET,RANGAREDDY,OU,PVT,NA,COED,SBTET,EC,15780,198
TRRM,TRR POLYTECHNIC,MEERPET,RANGAREDDY,OU,PVT,NA,COED,SBTET,EE,15780,132
TRRM,TRR POLYTECHNIC,MEERPET,RANGAREDDY,OU,PVT,NA,COED,SBTET,ME,15780,66
UTNR,GOVT MODEL RESIDENTIAL POLYTECHNIC,UTNOOR,Adilabad,OU,GOV,NA,BOYS,SBTET,EE,5080,66
UTNR,GOVT MODEL RESIDENTIAL POLYTECHNIC,UTNOOR,Adilabad,OU,GOV,NA,BOYS,SBTET,ME,5080,66
VCPM,VIVEKANANDA COLLEGE OF POLYTECHNIC,MANCHERIAL,MANCHERIAL,OU,PVT,NA,COED,SBTET,CE,15780,33
VCPM,VIVEKANANDA COLLEGE OF POLYTECHNIC,MANCHERIAL,MANCHERIAL,OU,PVT,NA,COED,SBTET,CS,15780,66
VCPM,VIVEKANANDA COLLEGE OF POLYTECHNIC,MANCHERIAL,MANCHERIAL,OU,PVT,NA,COED,SBTET,EE,15780,66
VCPM,VIVEKANANDA COLLEGE OF POLYTECHNIC,MANCHERIAL,MANCHERIAL,OU,PVT,NA,COED,SBTET,ME,15780,33
VCPM,VIVEKANANDA COLLEGE OF POLYTECHNIC,MANCHERIAL,MANCHERIAL,OU,PVT,NA,COED,SBTET,MN,15780,66
VDPL,GOVERNMENT POLYTECHNIC,VADEPALLI,JOGULAMBA GADWAL,OU,GOV,NA,COED,SBTET,EE,5080,66
VDPL,GOVERNMENT POLYTECHNIC,VADEPALLI,JOGULAMBA GADWAL,OU,GOV,NA,COED,SBTET,ME,5080,66
VGSE,VAAGESHWARI COLL. OF ENGINEERING,KARIMNAGAR,KARIMNAGAR,OU,PVT,NA,COED,SBTET,CE,15780,33
VGSE,VAAGESHWARI COLL. OF ENGINEERING,KARIMNAGAR,KARIMNAGAR,OU,PVT,NA,COED,SBTET,CS,15780,66
VGSE,VAAGESHWARI COLL. OF ENGINEERING,KARIMNAGAR,KARIMNAGAR,OU,PVT,NA,COED,SBTET,EC,15780,66
VGSE,VAAGESHWARI COLL. OF ENGINEERING,KARIMNAGAR,KARIMNAGAR,OU,PVT,NA,COED,SBTET,EE,15780,66
VGSE,VAAGESHWARI COLL. OF ENGINEERING,KARIMNAGAR,KARIMNAGAR,OU,PVT,NA,COED,SBTET,ME,15780,33
VGWL,VAAGDEVI ENGINEERING COLLEGE,WARANGAL,WARANGAL,OU,PVT,NA,COED,SBTET,EC,15780,66
VGWL,VAAGDEVI ENGINEERING COLLEGE,WARANGAL,WARANGAL,OU,PVT,NA,COED,SBTET,EE,15780,66
VISA,VATHSALYA INSTITUTE OF SCI. AND TECHNOLOGY,BHONGIR,YADADRI BHUVANAGIRI,OU,PVT,NA,COED,SBTET,CE,15780,66
VISA,VATHSALYA INSTITUTE OF SCI. AND TECHNOLOGY,BHONGIR,YADADRI BHUVANAGIRI,OU,PVT,NA,COED,SBTET,CS,15780,132
VISA,VATHSALYA INSTITUTE OF SCI. AND TECHNOLOGY,BHONGIR,YADADRI BHUVANAGIRI,OU,PVT,NA,COED,SBTET,EC,15780,66
VISA,VATHSALYA INSTITUTE OF SCI. AND TECHNOLOGY,BHONGIR,YADADRI BHUVANAGIRI,OU,PVT,NA,COED,SBTET,EE,15780,66
VISA,VATHSALYA INSTITUTE OF SCI. AND TECHNOLOGY,BHONGIR,YADADRI BHUVANAGIRI,OU,PVT,NA,COED,SBTET,ME,15780,66
VISA,VATHSALYA INSTITUTE OF SCI. AND TECHNOLOGY,BHONGIR,YADADRI BHUVANAGIRI,OU,PVT,NA,COED,SBTET,MN,15780,66
VITS,SRI VISHWESWARAYA INST. OF TECHNOLOGY AND SCI.,MAHABUBNAGAR,MAHABUBNAGAR,OU,PVT,NA,COED,SBTET,CE,15780,33
VITS,SRI VISHWESWARAYA INST. OF TECHNOLOGY AND SCI.,MAHABUBNAGAR,MAHABUBNAGAR,OU,PVT,NA,COED,SBTET,CS,15780,66
VITS,SRI VISHWESWARAYA INST. OF TECHNOLOGY AND SCI.,MAHABUBNAGAR,MAHABUBNAGAR,OU,PVT,NA,COED,SBTET,EE,15780,33
VKBD,GOVT.POLYTECHNIC,VIKARABAD,VIKARABAD,OU,GOV,NA,COED,SBTET,CE,5080,66
VKBD,GOVT.POLYTECHNIC,VIKARABAD,VIKARABAD,OU,GOV,NA,COED,SBTET,EC,5080,66
VKBD,GOVT.POLYTECHNIC,VIKARABAD,VIKARABAD,OU,GOV,NA,COED,SBTET,EE,5080,66
VMRH,VMR POLYTECHNIC,HANAMKONDA,HANAMKONDA,OU,PVT,NA,COED,SBTET,AI,15780,198
VMRH,VMR POLYTECHNIC,HANAMKONDA,HANAMKONDA,OU,PVT,NA,COED,SBTET,CCB,15780,66
VMRH,VMR POLYTECHNIC,HANAMKONDA,HANAMKONDA,OU,PVT,NA,COED,SBTET,CE,15780,132
VMRH,VMR POLYTECHNIC,HANAMKONDA,HANAMKONDA,OU,PVT,NA,COED,SBTET,CS,15780,198
VMRH,VMR POLYTECHNIC,HANAMKONDA,HANAMKONDA,OU,PVT,NA,COED,SBTET,EC,15780,264
VMRH,VMR POLYTECHNIC,HANAMKONDA,HANAMKONDA,OU,PVT,NA,COED,SBTET,EE,15780,198
VMRH,VMR POLYTECHNIC,HANAMKONDA,HANAMKONDA,OU,PVT,NA,COED,SBTET,ME,15780,66
VREC,VIJAYA RURAL ENGINEERING COLLEGE,NIZAMABAD,NIZAMBAD,OU,PVT,NA,COED,SBTET,CE,15780,66
VREC,VIJAYA RURAL ENGINEERING COLLEGE,NIZAMABAD,NIZAMBAD,OU,PVT,NA,COED,SBTET,CS,15780,66
VREC,VIJAYA RURAL ENGINEERING COLLEGE,NIZAMABAD,NIZAMBAD,OU,PVT,NA,COED,SBTET,EC,15780,66
VREC,VIJAYA RURAL ENGINEERING COLLEGE,NIZAMABAD,NIZAMBAD,OU,PVT,NA,COED,SBTET,EE,15780,66
VREC,VIJAYA RURAL ENGINEERING COLLEGE,NIZAMABAD,NIZAMBAD,OU,PVT,NA,COED,SBTET,ME,15780,66
VVKN,VIVEKANANDA INSTT OF TECH. AND SCI. BOMMAKAL,KARIMNAGAR,KARIMNAGAR,OU,PVT,NA,COED,SBTET,CE,15780,33
VVKN,VIVEKANANDA INSTT OF TECH. AND SCI. BOMMAKAL,KARIMNAGAR,KARIMNAGAR,OU,PVT,NA,COED,SBTET,CS,15780,33
VVKN,VIVEKANANDA INSTT OF TECH. AND SCI. BOMMAKAL,KARIMNAGAR,KARIMNAGAR,OU,PVT,NA,COED,SBTET,EC,15780,33
VVKN,VIVEKANANDA INSTT OF TECH. AND SCI. BOMMAKAL,KARIMNAGAR,KARIMNAGAR,OU,PVT,NA,COED,SBTET,EE,15780,33
WITS,WARANGAL INST OF TECHNOLOGY SCIENCE,WARANGAL,WARANGAL,OU,PVT,NA,COED,SBTET,CS,15780,99
WITS,WARANGAL INST OF TECHNOLOGY SCIENCE,WARANGAL,WARANGAL,OU,PVT,NA,COED,SBTET,EC,15780,33
WLGW,GOVT POLYTECHNIC FOR WOMEN,WARANGAL,WARANGAL,OU,GOV,NA,GIRLS,SBTET,CCP,5080,66
WLGW,GOVT POLYTECHNIC FOR WOMEN,WARANGAL,WARANGAL,OU,GOV,NA,GIRLS,SBTET,CE,5080,66
WLGW,GOVT POLYTECHNIC FOR WOMEN,WARANGAL,WARANGAL,OU,GOV,NA,GIRLS,SBTET,EC,5080,66
WNPT,KDR GOVT POLYTECHNIC,WANAPARTHY,WANAPARTHY,OU,GOV,NA,COED,SBTET,CE,5080,66
WNPT,KDR GOVT POLYTECHNIC,WANAPARTHY,WANAPARTHY,OU,GOV,NA,COED,SBTET,CS,5080,66
WNPT,KDR GOVT POLYTECHNIC,WANAPARTHY,WANAPARTHY,OU,GOV,NA,COED,SBTET,EE,5080,66
WNPT,KDR GOVT POLYTECHNIC,WANAPARTHY,WANAPARTHY,OU,GOV,NA,COED,SBTET,EI,5080,66
WNPT,KDR GOVT POLYTECHNIC,WANAPARTHY,WANAPARTHY,OU,GOV,NA,COED,SBTET,ME,5080,66
WRGL,GOVT POLYTECHNIC,WARANGAL,WARANGAL,OU,GOV,NA,COED,SBTET,CE,5080,66
WRGL,GOVT POLYTECHNIC,WARANGAL,WARANGAL,OU,GOV,NA,COED,SBTET,CS,5080,132
WRGL,GOVT POLYTECHNIC,WARANGAL,WARANGAL,OU,GOV,NA,COED,SBTET,EC,5080,132
WRGL,GOVT POLYTECHNIC,WARANGAL,WARANGAL,OU,GOV,NA,COED,SBTET,EE,5080,66
WRGL,GOVT POLYTECHNIC,WARANGAL,WARANGAL,OU,GOV,NA,COED,SBTET,ME,5080,198
YDGR,GOVT.POLYTECHNIC,YADAGIRIGUTTA,YADADRI BHUVANAGIRI,OU,GOV,NA,COED,SBTET,EE,5080,66
YDGR,GOVT.POLYTECHNIC,YADAGIRIGUTTA,YADADRI BHUVANAGIRI,OU,GOV,NA,COED,SBTET,ME,5080,66
ZHBD,SS GOVT POLYTECHNIC,ZAHIRABAD,SANGAREDDY,OU,GOV,NA,COED,SBTET,AU,5080,66
ZHBD,SS GOVT POLYTECHNIC,ZAHIRABAD,SANGAREDDY,OU,GOV,NA,COED,SBTET,CE,5080,132
ZHBD,SS GOVT POLYTECHNIC,ZAHIRABAD,SANGAREDDY,OU,GOV,NA,COED,SBTET,EE,5080,132
ZHBD,SS GOVT POLYTECHNIC,ZAHIRABAD,SANGAREDDY,OU,GOV,NA,COED,SBTET,ME,5080,132